SMILES,Rewards,Imp,MW
0:Cn1cc(C(=O)Nc2ccccc2C(=O)NCCC2=C(CO)NNC(=O)C=C2)c(=O)c2cccn21,"[11.825, 0.3346912259939687, 0.45580920088558363]",[ 4.346      -0.17416745  0.03997355],0
Cn1cc(C(=O)Nc2ccccc2C(=O)NCCC2=C(CO)NNC(=O)C=C2)c(=O)c2cccn21,"[11.825, 0.3346912259939687, 0.45580920088558363]",[ 4.346      -0.17416745  0.03997355],476.49300000000017
Cn1cc(C(=O)NC2=C(C(=O)NCCc3ccccc3)C=C2N=C2CCCCC2)c(=O)c2cccn21,"[8.77, 0.5397673676901391, 0.4061094546406607]",[ 1.291       0.0309087  -0.00972619],483.57200000000034
0:Cn1cc(C(=O)NC2=C(C(=O)NCCc3ccccc3)C=C2N=C2CCCCC2)c(=O)c2cccn21,"[8.77, 0.5397673676901391, 0.4061094546406607]",[ 1.291       0.0309087  -0.00972619],0
Cn1cc(C(=O)Nc2ccccc2C(=O)NCCc2cccc(N=C(N)c3ccccc3Cl)c2)c(=O)c2cccn21,"[8.76, 0.1882051131079298, 0.4223626266152213]",[ 1.281      -0.32065356  0.00652698],567.0490000000002
0:Cn1cc(C(=O)Nc2ccccc2C(=O)NCCc2cccc(N=C(N)c3ccccc3Cl)c2)c(=O)c2cccn21,"[8.76, 0.1882051131079298, 0.4223626266152213]",[ 1.281      -0.32065356  0.00652698],0
CCn1cccc1CNC(=O)c1ccc(C(=O)NCCc2ccccc2)c(NC(=O)c2cn(C)n3cccc3c2=O)c1,"[8.503, 0.24016259012521235, 0.41194806174715337]",[ 1.024      -0.26869608 -0.00388758],564.6460000000003
0:CCn1cccc1CNC(=O)c1ccc(C(=O)NCCc2ccccc2)c(NC(=O)c2cn(C)n3cccc3c2=O)c1,"[8.503, 0.24016259012521235, 0.41194806174715337]",[ 1.024      -0.26869608 -0.00388758],0
COc1ccc(-c2ccc(C(=O)NCCc3ccccc3)c(NC(=O)c3cn(C)n4cccc4c3=O)c2)cc1,"[8.47, 0.3142390609974266, 0.45053303780689324]",[ 0.991      -0.19461961  0.03469739],520.5890000000002
0:COc1ccc(-c2ccc(C(=O)NCCc3ccccc3)c(NC(=O)c3cn(C)n4cccc4c3=O)c2)cc1,"[8.47, 0.3142390609974266, 0.45053303780689324]",[ 0.991      -0.19461961  0.03469739],0
0:Cn1cc(C(=O)Nc2cc([CH]C(=O)NOc3cccs3)ccc2C(=O)NCCc2ccccc2)c(=O)c2cccn21,"[8.452, 0.22238839598888782, 0.4867804084723364]",[ 0.973      -0.28647028  0.07094476],0
Cn1cc(C(=O)Nc2cc([CH]C(=O)NOc3cccs3)ccc2C(=O)NCCc2ccccc2)c(=O)c2cccn21,"[8.452, 0.22238839598888782, 0.4867804084723364]",[ 0.973      -0.28647028  0.07094476],568.6350000000002
0:C[C@@H](NC(N)=O)c1ccc2c(=O)c(C(=O)Nc3ccccc3C(=O)NCCc3ccccc3)cn(C)n12,"[8.441, 0.29521356564417967, 0.4150467533206693]",[ 9.62000000e-01 -2.13645106e-01 -7.88892576e-04],0
C[C@@H](NC(N)=O)c1ccc2c(=O)c(C(=O)Nc3ccccc3C(=O)NCCc3ccccc3)cn(C)n12,"[8.441, 0.29521356564417967, 0.4150467533206693]",[ 9.62000000e-01 -2.13645106e-01 -7.88892576e-04],500.5590000000002
0:COc1cc(Oc2cccc(CCNC(=O)c3ccccc3NC(=O)c3cn(C)n4cccc4c3=O)c2)ccc1F,"[8.433, 0.2725057257128366, 0.4778313378932243]",[ 0.954      -0.23635295  0.06199569],0
COc1cc(Oc2cccc(CCNC(=O)c3ccccc3NC(=O)c3cn(C)n4cccc4c3=O)c2)ccc1F,"[8.433, 0.2725057257128366, 0.4778313378932243]",[ 0.954      -0.23635295  0.06199569],554.5780000000002
Cn1cc(C(=O)Nc2ccccc2C(=O)NCCc2cccc(-c3noc(-c4ccccc4)n3)c2)c(=O)c2cccn21,"[8.427, 0.28194659967141117, 0.5123612591851048]",[ 0.948      -0.22691207  0.09652561],558.5980000000002
0:Cn1cc(C(=O)Nc2ccccc2C(=O)NCCc2cccc(-c3noc(-c4ccccc4)n3)c2)c(=O)c2cccn21,"[8.427, 0.28194659967141117, 0.5123612591851048]",[ 0.948      -0.22691207  0.09652561],0
0:CNc1cc(C)ccc1NC(NC(=O)c1ccccc1NC(=O)c1cn(C)n2cccc2c1=O)c1ccccc1,"[8.392, 0.21437036415883276, 0.4300783878659197]",[ 0.913      -0.29448831  0.01424274],0
CNc1cc(C)ccc1NC(NC(=O)c1ccccc1NC(=O)c1cn(C)n2cccc2c1=O)c1ccccc1,"[8.392, 0.21437036415883276, 0.4300783878659197]",[ 0.913      -0.29448831  0.01424274],534.6200000000003
Cn1cc(C(=O)Nc2ccccc2C(=O)NCCc2ccccc2)c(=O)c2cc(-c3cccc(F)c3NC=O)cn21,"[8.373, 0.23795824100245905, 0.4807959512254528]",[ 0.894      -0.27090043  0.06496031],551.5780000000001
0:Cn1cc(C(=O)Nc2ccccc2C(=O)NCCc2ccccc2)c(=O)c2cc(-c3cccc(F)c3NC=O)cn21,"[8.373, 0.23795824100245905, 0.4807959512254528]",[ 0.894      -0.27090043  0.06496031],0
Cn1cc(C(=O)Nc2cccccc([C@H](O)c3ccc(F)cc3)ccc2)c(=O)c2cccn21,"[8.369, 0.4955789905088949, 0.4727280458231753]",[ 0.89       -0.01327968  0.0568924 ],443.4780000000001
0:Cn1cc(C(=O)Nc2cccccc([C@H](O)c3ccc(F)cc3)ccc2)c(=O)c2cccn21,"[8.369, 0.4955789905088949, 0.4727280458231753]",[ 0.89       -0.01327968  0.0568924 ],0
0:Cc1ccccc1CC(Cc1ccccc1)NC(=O)c1ccccc1NC(=O)c1cn(C)n2cccc2c1=O,"[8.361, 0.31005087310326507, 0.41784507649305924]",[ 0.882      -0.1988078   0.00200943],0
Cc1ccccc1CC(Cc1ccccc1)NC(=O)c1ccccc1NC(=O)c1cn(C)n2cccc2c1=O,"[8.361, 0.31005087310326507, 0.41784507649305924]",[ 0.882      -0.1988078   0.00200943],518.6170000000002
Cn1cc(C(=O)Nc2ccccc2C(=O)NCCc2ccc(Oc3ccccc3)c(=O)cc2)c(=O)c2cccn21,"[8.359, 0.31255026404445296, 0.4462774591665799]",[ 0.88       -0.19630841  0.03044181],534.5720000000002
0:Cn1cc(C(=O)Nc2ccccc2C(=O)NCCc2ccc(Oc3ccccc3)c(=O)cc2)c(=O)c2cccn21,"[8.359, 0.31255026404445296, 0.4462774591665799]",[ 0.88       -0.19630841  0.03044181],0
Cn1cc(C(=O)Nc2ccccc2C(=O)NCCc2ccccc2)c(=O)c2c([C@@](C)(O)CNC(N)=O)ccn21,"[8.319, 0.222514827487726, 0.40343056387590903]",[ 0.84       -0.28634384 -0.01240508],530.5850000000003
0:Cn1cc(C(=O)Nc2ccccc2C(=O)NCCc2ccccc2)c(=O)c2c([C@@](C)(O)CNC(N)=O)ccn21,"[8.319, 0.222514827487726, 0.40343056387590903]",[ 0.84       -0.28634384 -0.01240508],0
CCNC(=O)Nc1ccc(C(=O)NCCc2ccccc2)c(NC(=O)c2cn(C)n3cccc3c2=O)c1,"[8.219, 0.29674010150583546, 0.4373902104010613]",[ 0.74       -0.21211857  0.02155456],500.5590000000002
0:CCNC(=O)Nc1ccc(C(=O)NCCc2ccccc2)c(NC(=O)c2cn(C)n3cccc3c2=O)c1,"[8.219, 0.29674010150583546, 0.4373902104010613]",[ 0.74       -0.21211857  0.02155456],0
CNCc1cn(C)nc1C1=C(C(=O)NCCc2ccccc2)C(NC(=O)c2cn(C)n3cccc3c2=O)=C1,"[8.195, 0.31543376384736527, 0.4196803029291427]",[ 0.716      -0.19342491  0.00384466],511.5860000000002
0:CNCc1cn(C)nc1C1=C(C(=O)NCCc2ccccc2)C(NC(=O)c2cn(C)n3cccc3c2=O)=C1,"[8.195, 0.31543376384736527, 0.4196803029291427]",[ 0.716      -0.19342491  0.00384466],0
0:Cn1cc(C(=O)Nc2ccccc2C(=O)NCCc2ccccc2-c2ccc3c(c2)CCN3)c(=O)c2cccn21,"[8.181, 0.28823529376105483, 0.4967689192201664]",[ 0.702      -0.22062338  0.08093327],0
Cn1cc(C(=O)Nc2ccccc2C(=O)NCCc2ccccc2-c2ccc3c(c2)CCN3)c(=O)c2cccn21,"[8.181, 0.28823529376105483, 0.4967689192201664]",[ 0.702      -0.22062338  0.08093327],531.6160000000002
Cc1ccc(Nc2c(C(=O)Nc3ccccc3C(=O)NCCc3ccccc3)c(=O)c3cccn3n2C)nc1Cl,"[8.175, 0.23479217979002795, 0.45212614308885835]",[ 0.696      -0.27406649  0.0362905 ],555.0380000000002
0:Cc1ccc(Nc2c(C(=O)Nc3ccccc3C(=O)NCCc3ccccc3)c(=O)c3cccn3n2C)nc1Cl,"[8.175, 0.23479217979002795, 0.45212614308885835]",[ 0.696      -0.27406649  0.0362905 ],0
0:Cn1cc(C(=O)Nc2ccccc2C(=O)NC(=O)CNC[C@@H](O)c2ccccc2)c(=O)c2cccn21,"[8.103, 0.29745949651336007, 0.44412110200878996]",[ 0.624      -0.21139917  0.02828546],0
Cn1cc(C(=O)Nc2ccccc2C(=O)NC(=O)CNC[C@@H](O)c2ccccc2)c(=O)c2cccn21,"[8.103, 0.29745949651336007, 0.44412110200878996]",[ 0.624      -0.21139917  0.02828546],487.5160000000002
0:Cn1cc(C(=O)Nc2ccccc2C(=O)NCCc2ccccc2)c(=O)c2ccc(N3[CH]CCCC3)n21,"[8.036, 0.40471253946888913, 0.4478967126069491]",[ 0.557      -0.10414613  0.03206107],0
Cn1cc(C(=O)Nc2ccccc2C(=O)NCCc2ccccc2)c(=O)c2ccc(N3[CH]CCCC3)n21,"[8.036, 0.40471253946888913, 0.4478967126069491]",[ 0.557      -0.10414613  0.03206107],496.5910000000003
0:Cn1cc(C(=O)Nc2ccccc2C(Sc2ccccc2OCF)c2ccccc2)c(=O)c2cccn21,"[7.987, 0.255619666833093, 0.46487588600553953]",[ 0.508      -0.253239    0.04904024],0
Cn1cc(C(=O)Nc2ccccc2C(Sc2ccccc2OCF)c2ccccc2)c(=O)c2cccn21,"[7.987, 0.255619666833093, 0.46487588600553953]",[ 0.508      -0.253239    0.04904024],513.5940000000002
CN1C=C(C(=O)Nc2ccccc2C(=O)NCCc2ccccc2)C(=O)C2(Nc3ccccc3)C(=O)C=CN12,"[7.96, 0.3086168284593984, 0.40494654133440766]",[ 0.481      -0.20024184 -0.0108891 ],521.5770000000001
0:CN1C=C(C(=O)Nc2ccccc2C(=O)NCCc2ccccc2)C(=O)C2(Nc3ccccc3)C(=O)C=CN12,"[7.96, 0.3086168284593984, 0.40494654133440766]",[ 0.481      -0.20024184 -0.0108891 ],0
0:Cn1cc(C(=O)Nc2ccccc2C(=O)NCCC2=CC=C2CS(=O)(=O)c2ccccn2)c(=O)c2cccn21,"[7.956, 0.3337786597125877, 0.4707892326178038]",[ 0.477      -0.17508001  0.05495359],0
Cn1cc(C(=O)Nc2ccccc2C(=O)NCCC2=CC=C2CS(=O)(=O)c2ccccn2)c(=O)c2cccn21,"[7.956, 0.3337786597125877, 0.4707892326178038]",[ 0.477      -0.17508001  0.05495359],543.6050000000002
0:CN(C)Cc1ccc(F)cc1CC1=CC=C1CCNC(=O)c1ccccc1NC(=O)c1cn(C)n2cccc2c1=O,"[7.926, 0.3063314036378402, 0.4822629706600887]",[ 0.447      -0.20252727  0.06642732],0
CN(C)Cc1ccc(F)cc1CC1=CC=C1CCNC(=O)c1ccccc1NC(=O)c1cn(C)n2cccc2c1=O,"[7.926, 0.3063314036378402, 0.4822629706600887]",[ 0.447      -0.20252727  0.06642732],553.6380000000001
0:Cn1cc(C(=O)Nc2ccccc2C(=O)NCC(c2ccccc2)N2CC2=O)c(=O)c2cccn21,"[7.9, 0.405065104773111, 0.4399792339669819]",[ 0.421      -0.10379357  0.02414359],0
Cn1cc(C(=O)Nc2ccccc2C(=O)NCC(c2ccccc2)N2CC2=O)c(=O)c2cccn21,"[7.9, 0.405065104773111, 0.4399792339669819]",[ 0.421      -0.10379357  0.02414359],469.5010000000002
Cc1[nH+]cnn1Cn1cc(C(=O)Nc2ccccc2C(=O)NCCc2ccccc2)c(=O)c2cccn21,"[7.856, 0.34238388978586115, 0.4471707053062923]",[ 0.377      -0.16647478  0.03133506],496.5510000000003
0:Cc1[nH+]cnn1Cn1cc(C(=O)Nc2ccccc2C(=O)NCCc2ccccc2)c(=O)c2cccn21,"[7.856, 0.34238388978586115, 0.4471707053062923]",[ 0.377      -0.16647478  0.03133506],0
0:O=C(Nc1ccccc1C(=O)NCCc1ccccc1)C1=CC(n2cccn2)n2cccc2C1=O,"[7.853, 0.4085654849130265, 0.43600985306542106]",[ 0.374      -0.10029319  0.02017421],0
O=C(Nc1ccccc1C(=O)NCCc1ccccc1)C1=CC(n2cccn2)n2cccc2C1=O,"[7.853, 0.4085654849130265, 0.43600985306542106]",[ 0.374      -0.10029319  0.02017421],465.5130000000001
Cn1cc(C(=O)Nc2ccccc2C(=O)NCCc2ccccc2Cc2cccc(F)c2C=O)c(=O)c2cccn21,"[7.815, 0.2656918579010573, 0.50186185308103]",[ 0.336      -0.24316681  0.08602621],550.5900000000003
0:Cn1cc(C(=O)Nc2ccccc2C(=O)NCCc2ccccc2Cc2cccc(F)c2C=O)c(=O)c2cccn21,"[7.815, 0.2656918579010573, 0.50186185308103]",[ 0.336      -0.24316681  0.08602621],0
0:CCc1ccccc1-c1c(C(=O)Nc2ccccc2C(=O)NCCc2ccccc2)c(=O)c2cccn2n1C,"[7.811, 0.30007143496762245, 0.4194409783513797]",[ 0.332      -0.20878724  0.00360533],0
CCc1ccccc1-c1c(C(=O)Nc2ccccc2C(=O)NCCc2ccccc2)c(=O)c2cccn2n1C,"[7.811, 0.30007143496762245, 0.4194409783513797]",[ 0.332      -0.20878724  0.00360533],518.6170000000002
0:CNNC(=O)CC12C=C1C(=O)C(C(=O)Nc1ccccc1C(=O)NCCc1ccccc1)=CN2C,"[7.788, 0.32217528777480087, 0.43774791764089804]",[ 0.309      -0.18668338  0.02191227],0
CNNC(=O)CC12C=C1C(=O)C(C(=O)Nc1ccccc1C(=O)NCCc1ccccc1)=CN2C,"[7.788, 0.32217528777480087, 0.43774791764089804]",[ 0.309      -0.18668338  0.02191227],473.53300000000024
0:[CH]C(c1ccccc1C(=O)NCCc1ccccc1)c1cn(C)n2cccc2c1=O,"[7.763, 0.5418006826476764, 0.403402134953873]",[ 0.284       0.03294201 -0.01243351],0
[CH]C(c1ccccc1C(=O)NCCc1ccccc1)c1cn(C)n2cccc2c1=O,"[7.763, 0.5418006826476764, 0.403402134953873]",[ 0.284       0.03294201 -0.01243351],397.4780000000001
0:Cn1cc(C(=O)Nc2ccccc2C(=O)NCCc2ccccc2)c(=O)c2ccc(-c3c(F)cc(Cl)cc3Cl)n21,"[7.746, 0.24993205981679276, 0.47439298042433087]",[ 0.267      -0.25892661  0.05855733],0
Cn1cc(C(=O)Nc2ccccc2C(=O)NCCc2ccccc2)c(=O)c2ccc(-c3c(F)cc(Cl)cc3Cl)n21,"[7.746, 0.24993205981679276, 0.47439298042433087]",[ 0.267      -0.25892661  0.05855733],577.4430000000001
0:Cn1cc(C(=O)Nc2ccccc2C(=O)NCC(OC(F)F)c2ccccc2)c(=O)c2cccn21,"[7.742, 0.40308114533922224, 0.45044388986782047]",[ 0.263      -0.10577753  0.03460824],0
Cn1cc(C(=O)Nc2ccccc2C(=O)NCC(OC(F)F)c2ccccc2)c(=O)c2cccn21,"[7.742, 0.40308114533922224, 0.45044388986782047]",[ 0.263      -0.10577753  0.03460824],480.4710000000001
CNC(=O)COC(Cc1ccccc1)NC(=O)c1ccccc1NC(=O)c1cn(C)n2cccc2c1=O,"[7.737, 0.30271965932520056, 0.42331196700431695]",[ 0.258      -0.20613901  0.00747632],501.54300000000023
0:CNC(=O)COC(Cc1ccccc1)NC(=O)c1ccccc1NC(=O)c1cn(C)n2cccc2c1=O,"[7.737, 0.30271965932520056, 0.42331196700431695]",[ 0.258      -0.20613901  0.00747632],0
0:[C]CCCc1ccc(NC(=O)c2cn(C)n3cccc3c2=O)c(C(=O)NCCc2ccccc2)c1,"[7.731, 0.3930168653776947, 0.43097299672044165]",[ 0.252      -0.11584181  0.01513735],0
[C]CCCc1ccc(NC(=O)c2cn(C)n3cccc3c2=O)c(C(=O)NCCc2ccccc2)c1,"[7.731, 0.3930168653776947, 0.43097299672044165]",[ 0.252      -0.11584181  0.01513735],467.54900000000026
0:COc1cccc(CCc2cc3c(=O)c(C(=O)Nc4ccccc4C(=O)NCCc4ccccc4)cn(C)n3c2)c1,"[7.72, 0.2656101211528528, 0.4481380677922453]",[ 0.241      -0.24324855  0.03230242],0
COc1cccc(CCc2cc3c(=O)c(C(=O)Nc4ccccc4C(=O)NCCc4ccccc4)cn(C)n3c2)c1,"[7.72, 0.2656101211528528, 0.4481380677922453]",[ 0.241      -0.24324855  0.03230242],548.6430000000003
Cn1cc(C(=O)Nc2ccccc2C(=O)NCCC=Nc2ccccc2F)c(=O)c2cccn21,"[7.683, 0.3267479465811156, 0.47732648875234973]",[ 0.204      -0.18211072  0.06149084],459.4810000000001
0:Cn1cc(C(=O)Nc2ccccc2C(=O)NCCC=Nc2ccccc2F)c(=O)c2cccn21,"[7.683, 0.3267479465811156, 0.47732648875234973]",[ 0.204      -0.18211072  0.06149084],0
Cn1cc(C(=O)Nc2ccccc2C(=O)NCCc2ccccc2)c(=O)c2cc([C@](C)(O)CCN)cn21,"[7.673, 0.2798109390363557, 0.4250359176484655]",[ 0.194      -0.22904773  0.00920027],501.5870000000003
0:Cn1cc(C(=O)Nc2ccccc2C(=O)NCCc2ccccc2)c(=O)c2cc([C@](C)(O)CCN)cn21,"[7.673, 0.2798109390363557, 0.4250359176484655]",[ 0.194      -0.22904773  0.00920027],0
Cc1ccc2ccc(OC3(CCNC(=O)c4ccccc4NC(=O)c4cn(C)n5cccc5c4=O)C=C3)c-2cc1,"[7.67, 0.2806070939429789, 0.4543592691671122]",[ 0.191      -0.22825158  0.03852362],532.6000000000003
0:Cc1ccc2ccc(OC3(CCNC(=O)c4ccccc4NC(=O)c4cn(C)n5cccc5c4=O)C=C3)c-2cc1,"[7.67, 0.2806070939429789, 0.4543592691671122]",[ 0.191      -0.22825158  0.03852362],0
Cn1cc(C(=O)Nc2ccccc2C(=O)NCCc2ccccc2)c(=O)c2c(Oc3ccccc3C[NH+](C)C)ccn21,"[7.67, 0.24255016293234916, 0.44795831145320986]",[ 0.191      -0.26630851  0.03212267],564.6660000000002
0:Cn1cc(C(=O)Nc2ccccc2C(=O)NCCc2ccccc2)c(=O)c2c(Oc3ccccc3C[NH+](C)C)ccn21,"[7.67, 0.24255016293234916, 0.44795831145320986]",[ 0.191      -0.26630851  0.03212267],0
0:CCC(C)=C(CNC(=O)c1ccccc1NC(=O)c1cn(C)n2cccc2c1=O)c1ccccc1,"[7.658, 0.418757072201699, 0.40907973146480336]",[ 0.179      -0.0901016  -0.00675591],0
CCC(C)=C(CNC(=O)c1ccccc1NC(=O)c1cn(C)n2cccc2c1=O)c1ccccc1,"[7.658, 0.418757072201699, 0.40907973146480336]",[ 0.179      -0.0901016  -0.00675591],468.5570000000002
0:CC(=O)[NH2+]CCC(=O)Nc1ccn2c1c(=O)c(C(=O)Nc1ccccc1C(=O)NCCc1ccccc1)cn2C,"[7.636, 0.23810303972160016, 0.45699912352532557]",[ 0.157      -0.27075563  0.04116348],0
CC(=O)[NH2+]CCC(=O)Nc1ccn2c1c(=O)c(C(=O)Nc1ccccc1C(=O)NCCc1ccccc1)cn2C,"[7.636, 0.23810303972160016, 0.45699912352532557]",[ 0.157      -0.27075563  0.04116348],543.6040000000002
C[C@@H](CO)CNc1cccc(CCNC(=O)c2ccccc2NC(=O)c2cn(C)n3cccc3c2=O)c1,"[7.622, 0.26666108807684497, 0.4362830627018396]",[ 0.143      -0.24219758  0.02044742],501.5870000000002
0:C[C@@H](CO)CNc1cccc(CCNC(=O)c2ccccc2NC(=O)c2cn(C)n3cccc3c2=O)c1,"[7.622, 0.26666108807684497, 0.4362830627018396]",[ 0.143      -0.24219758  0.02044742],0
0:CC(=C(Nc1ccccc1C(=O)NCCc1ccccc1)c1cn(C)n2cccc2c1=O)N(O)c1ccccc1,"[7.605, 0.22360853731501004, 0.4418468668070491]",[ 0.126      -0.28525013  0.02601122],0
CC(=C(Nc1ccccc1C(=O)NCCc1ccccc1)c1cn(C)n2cccc2c1=O)N(O)c1ccccc1,"[7.605, 0.22360853731501004, 0.4418468668070491]",[ 0.126      -0.28525013  0.02601122],533.6320000000002
0:Cn1cc(C(=O)Nc2cccccc(C(=O)Nc3cccc(Cl)c3)ccc2)c(=O)c2cccn21,"[7.6, 0.44181809156257784, 0.3936311268112296]",[ 0.121      -0.06704058 -0.02220452],0
Cn1cc(C(=O)Nc2cccccc(C(=O)Nc3cccc(Cl)c3)ccc2)c(=O)c2cccn21,"[7.6, 0.44181809156257784, 0.3936311268112296]",[ 0.121      -0.06704058 -0.02220452],472.9320000000002
0:Cn1cc(C(=O)Nc2ccccc2C(=O)N(CCc2ccccc2)COC(=O)c2ccc(F)cc2)c(=O)c2cccn21,"[7.6, 0.20875054908152757, 0.44718123223223494]",[ 0.121      -0.30010812  0.03134559],0
Cn1cc(C(=O)Nc2ccccc2C(=O)N(CCc2ccccc2)COC(=O)c2ccc(F)cc2)c(=O)c2cccn21,"[7.6, 0.20875054908152757, 0.44718123223223494]",[ 0.121      -0.30010812  0.03134559],566.5890000000002
0:Cn1cc(C(=O)Nc2ccccc2C(=O)NCCC2=CC=C2c2ccc(Cl)cc2)c(=O)c2cccn21,"[7.598, 0.38755319205411504, 0.45791055888998156]",[ 0.119      -0.12130548  0.04207491],0
Cn1cc(C(=O)Nc2ccccc2C(=O)NCCC2=CC=C2c2ccc(Cl)cc2)c(=O)c2cccn21,"[7.598, 0.38755319205411504, 0.45791055888998156]",[ 0.119      -0.12130548  0.04207491],498.9700000000002
Cc1cccc(C(=O)NC(=O)NC(=O)c2ccccc2NC(=O)c2cn(C)n3cccc23)c1C,"[7.584, 0.4356573836736932, 0.39323430568633255]",[ 0.105      -0.07320129 -0.02260134],457.49000000000024
0:Cc1cccc(C(=O)NC(=O)NC(=O)c2ccccc2NC(=O)c2cn(C)n3cccc23)c1C,"[7.584, 0.4356573836736932, 0.39323430568633255]",[ 0.105      -0.07320129 -0.02260134],0
0:Cn1cc(C(=O)Nc2ccccc2C(=O)NCCc2ccccc2C(=O)CNC=O)c(=O)c2cccn21,"[7.572, 0.22623849791907227, 0.46051466768481464]",[ 0.093      -0.28262017  0.04467902],0
Cn1cc(C(=O)Nc2ccccc2C(=O)NCCc2ccccc2C(=O)CNC=O)c(=O)c2cccn21,"[7.572, 0.22623849791907227, 0.46051466768481464]",[ 0.093      -0.28262017  0.04467902],499.5270000000002
0:C[C@H]([CH]O)c1ccccc1CCNC(=O)c1ccccc1NC(=O)c1cn(C)n2cccc2c1=O,"[7.57, 0.3658081868573017, 0.46358459977018096]",[ 0.091      -0.14305048  0.04774895],0
C[C@H]([CH]O)c1ccccc1CCNC(=O)c1ccccc1NC(=O)c1cn(C)n2cccc2c1=O,"[7.57, 0.3658081868573017, 0.46358459977018096]",[ 0.091      -0.14305048  0.04774895],471.53700000000015
0:CC(C)NC(=O)CCCc1ccc(CCNC(=O)c2ccccc2NC(=O)c2cn(C)n3cccc3c2=O)cc1,"[7.566, 0.26864403174887747, 0.4292079572321501]",[ 0.087      -0.24021464  0.01337231],0
CC(C)NC(=O)CCCc1ccc(CCNC(=O)c2ccccc2NC(=O)c2cn(C)n3cccc3c2=O)cc1,"[7.566, 0.26864403174887747, 0.4292079572321501]",[ 0.087      -0.24021464  0.01337231],541.6520000000002
0:Cc1ccc(OCCNC2=C(C(=O)NCCc3ccccc3)C(NC(=O)c3cn(C)n4cccc4c3=O)=C2)cc1,"[7.547, 0.25533711180202917, 0.4498961893654875]",[ 0.068      -0.25352156  0.03406054],0
Cc1ccc(OCCNC2=C(C(=O)NCCc3ccccc3)C(NC(=O)c3cn(C)n4cccc4c3=O)=C2)cc1,"[7.547, 0.25533711180202917, 0.4498961893654875]",[ 0.068      -0.25352156  0.03406054],537.6200000000002
0:Cn1cc(C(=O)Nc2ccccc2C(=O)NCCc2ccccc2[C@](C)(O)CN)c(=O)c2cccn21,"[7.544, 0.3021022666358175, 0.4180334125066296]",[ 0.065      -0.2067564   0.00219777],0
Cn1cc(C(=O)Nc2ccccc2C(=O)NCCc2ccccc2[C@](C)(O)CN)c(=O)c2cccn21,"[7.544, 0.3021022666358175, 0.4180334125066296]",[ 0.065      -0.2067564   0.00219777],487.56000000000023
O=CNCCCOC1C=C(C(=O)Nc2ccccc2C(=O)NCCc2ccccc2)C(=O)c2cccn21,"[7.505, 0.20080075095517244, 0.4687080271110453]",[ 0.026      -0.30805792  0.05287238],500.5550000000003
0:O=CNCCCOC1C=C(C(=O)Nc2ccccc2C(=O)NCCc2ccccc2)C(=O)c2cccn21,"[7.505, 0.20080075095517244, 0.4687080271110453]",[ 0.026      -0.30805792  0.05287238],0
CN1C=C(C(=O)Nc2ccccc2C(=O)NCCc2ccccc2)C(=O)C2=CC21CCCC(=O)OC(C)(C)C,"[7.488, 0.35339228037958426, 0.4443312301281872]",[ 0.009      -0.15546639  0.02849558],529.6370000000003
0:CN1C=C(C(=O)Nc2ccccc2C(=O)NCCc2ccccc2)C(=O)C2=CC21CCCC(=O)OC(C)(C)C,"[7.488, 0.35339228037958426, 0.4443312301281872]",[ 0.009      -0.15546639  0.02849558],0
Cn1cc(C(=O)Nc2ccccc2C(CCc2ccccc2)C2CS(=O)(=O)C2)c(=O)c2cccn21,"[7.481, 0.4291629902235707, 0.46510919196782896]",[ 0.002      -0.07969568  0.04927355],489.5970000000002
0:Cn1cc(C(=O)Nc2ccccc2C(CCc2ccccc2)C2CS(=O)(=O)C2)c(=O)c2cccn21,"[7.481, 0.4291629902235707, 0.46510919196782896]",[ 0.002      -0.07969568  0.04927355],0
0:Cn1cc(C(=O)Nc2ccccc2C(=O)NCC(=O)c2c([N+](=O)F)ccc(O)c2F)c2cccn21,"[7.481, 0.27546593304511824, 0.48323207980621585]",[ 0.002      -0.23339274  0.06739643],0
Cn1cc(C(=O)Nc2ccccc2C(=O)NCC(=O)c2c([N+](=O)F)ccc(O)c2F)c2cccn21,"[7.481, 0.27546593304511824, 0.48323207980621585]",[ 0.002      -0.23339274  0.06739643],482.4230000000002
NC(=O)[C@H](CCn1cc(C(=O)Nc2ccccc2C(=O)NCCc2ccccc2)c(=O)c2cccn21)c1ccccc1,"[7.475, 0.22536511664832795, 0.42335077076549665]",[-0.004      -0.28349355  0.00751512],561.6420000000003
0:NC(=O)[C@H](CCn1cc(C(=O)Nc2ccccc2C(=O)NCCc2ccccc2)c(=O)c2cccn21)c1ccccc1,"[7.475, 0.22536511664832795, 0.42335077076549665]",[-0.004      -0.28349355  0.00751512],0
CN1C=C(C(=O)Nc2ccccc2C(=O)NCCc2ccccc2)C(=O)C2=C(CSC(N)=O)N21,"[7.474, 0.4982213596087519, 0.38989406755872136]",[-0.005      -0.01063731 -0.02594158],477.5460000000002
0:CN1C=C(C(=O)Nc2ccccc2C(=O)NCCc2ccccc2)C(=O)C2=C(CSC(N)=O)N21,"[7.474, 0.4982213596087519, 0.38989406755872136]",[-0.005      -0.01063731 -0.02594158],0
0:COc1ccc(Br)cc1CNC(=O)c1ccccc1NC(=O)c1cn(C)n2cccc2c1=O,"[7.438, 0.41568443053233084, 0.4397857180624337]",[-0.041      -0.09317424  0.02395007],0
COc1ccc(Br)cc1CNC(=O)c1ccccc1NC(=O)c1cn(C)n2cccc2c1=O,"[7.438, 0.41568443053233084, 0.4397857180624337]",[-0.041      -0.09317424  0.02395007],509.3600000000002
Cn1cc(C(=O)Nc2ccccc(Nc3ccc(Cl)cc3)cccc2)c(=O)c2cccn21,"[7.429, 0.44182094505013003, 0.3905342000972817]",[-0.05       -0.06703773 -0.02530145],444.92200000000014
0:Cn1cc(C(=O)Nc2ccccc(Nc3ccc(Cl)cc3)cccc2)c(=O)c2cccn21,"[7.429, 0.44182094505013003, 0.3905342000972817]",[-0.05       -0.06703773 -0.02530145],0
Cn1cc(C(=O)Nc2ccccc2C(=O)NCCC2=CC(C=CC(N)=O)=C2)c(=O)c2cccn21,"[7.396, 0.4466068999178905, 0.4989667477541916]",[-0.083      -0.06225177  0.0831311 ],457.4900000000002
0:Cn1cc(C(=O)Nc2ccccc2C(=O)NCCC2=CC(C=CC(N)=O)=C2)c(=O)c2cccn21,"[7.396, 0.4466068999178905, 0.4989667477541916]",[-0.083      -0.06225177  0.0831311 ],0
Cn1cc(C(=O)Nc2ccccc2C(=O)NCCc2ccccc2)c(=O)c2cccn21,"[7.392, 0.5088586713951465, 0.41583564589698874]",[-0.087  0.     0.   ],414.4650000000001
0:Cn1cc(C(=O)Nc2ccccc2C(=O)NCCc2ccccc2)c(=O)c2cccn21,"[7.392, 0.5088586713951465, 0.41583564589698874]",[-0.087  0.     0.   ],0
Cn1cc(C(=O)Nc2ccccc2C(=O)NCCC2(c3cncc(F)c3)C=C2)c(=O)c2cccn21,"[7.373, 0.4050600882015281, 0.4961061524474717]",[-0.106      -0.10379858  0.08027051],471.49200000000013
0:Cn1cc(C(=O)Nc2ccccc2C(=O)NCCC2(c3cncc(F)c3)C=C2)c(=O)c2cccn21,"[7.373, 0.4050600882015281, 0.4961061524474717]",[-0.106      -0.10379858  0.08027051],0
CNC(=O)Nc1ccccc1SNC(=O)c1ccccc1NC(=O)c1cn(C)n2cccc2c1=O,"[7.338, 0.30921759134875687, 0.44714319469261177]",[-0.141      -0.19964108  0.03130755],490.5450000000002
0:CNC(=O)Nc1ccccc1SNC(=O)c1ccccc1NC(=O)c1cn(C)n2cccc2c1=O,"[7.338, 0.30921759134875687, 0.44714319469261177]",[-0.141      -0.19964108  0.03130755],0
C[CH]CCSc1cccc(C(=O)NCCc2ccccc2)c1NC(=O)c1cn(C)n2cccc2c1=O,"[7.337, 0.2463161383442214, 0.4643029357629408]",[-0.142      -0.26254253  0.04846729],501.6320000000002
0:C[CH]CCSc1cccc(C(=O)NCCc2ccccc2)c1NC(=O)c1cn(C)n2cccc2c1=O,"[7.337, 0.2463161383442214, 0.4643029357629408]",[-0.142      -0.26254253  0.04846729],0
0:[CH][NH2+]c1ccccc1CCNC(=O)c1ccccc1NC(=O)c1cn(C)n2cccc2c1=O,"[7.333, 0.38006891055533015, 0.43564484536215153]",[-0.146      -0.12878976  0.0198092 ],0
[CH][NH2+]c1ccccc1CCNC(=O)c1ccccc1NC(=O)c1cn(C)n2cccc2c1=O,"[7.333, 0.38006891055533015, 0.43564484536215153]",[-0.146      -0.12878976  0.0198092 ],442.49900000000014
0:Cn1cc(C(=O)Nc2ccccc2C(=O)NCCc2ccccc2C(=O)N[CH]CCO)c(=O)c2cccn21,"[7.284, 0.2407185441352232, 0.45502513728137617]",[-0.195      -0.26814013  0.03918949],0
Cn1cc(C(=O)Nc2ccccc2C(=O)NCCc2ccccc2C(=O)N[CH]CCO)c(=O)c2cccn21,"[7.284, 0.2407185441352232, 0.45502513728137617]",[-0.195      -0.26814013  0.03918949],514.5620000000002
Cn1cc(C(=O)Nc2ccccc2C(=O)c2ccccc2F)c(=O)c2cccn21,"[7.271, 0.5447571919811868, 0.4416855564629405]",[-0.208       0.03589852  0.02584991],389.3860000000001
0:Cn1cc(C(=O)Nc2ccccc2C(=O)c2ccccc2F)c(=O)c2cccn21,"[7.271, 0.5447571919811868, 0.4416855564629405]",[-0.208       0.03589852  0.02584991],0
0:CC(=O)N[C@H](C)c1cc2c(=O)c(C(=O)Nc3ccccc3C(=O)NCCc3ccccc3)cn(C)n2c1,"[7.27, 0.34576664385443007, 0.39251093222873057]",[-0.209      -0.16309203 -0.02332471],0
CC(=O)N[C@H](C)c1cc2c(=O)c(C(=O)Nc3ccccc3C(=O)NCCc3ccccc3)cn(C)n2c1,"[7.27, 0.34576664385443007, 0.39251093222873057]",[-0.209      -0.16309203 -0.02332471],499.5710000000002
Cn1cc(C(=O)Nc2ccccc2C(=O)NCCc2ccc3n2CC3)c(=O)c2cccn21,"[7.263, 0.4925827145306531, 0.4231679458828531]",[-0.216      -0.01627596  0.0073323 ],429.4800000000002
0:Cn1cc(C(=O)Nc2ccccc2C(=O)NCCc2ccc3n2CC3)c(=O)c2cccn21,"[7.263, 0.4925827145306531, 0.4231679458828531]",[-0.216      -0.01627596  0.0073323 ],0
[C]CC12C=C1C(=O)C(C(=O)Nc1ccccc1C(=O)NCCc1ccccc1)=CN2C,"[7.246, 0.6856904423750765, 0.4075528317889706]",[-0.233       0.17683177 -0.00828281],412.46900000000016
0:[C]CC12C=C1C(=O)C(C(=O)Nc1ccccc1C(=O)NCCc1ccccc1)=CN2C,"[7.246, 0.6856904423750765, 0.4075528317889706]",[-0.233       0.17683177 -0.00828281],0
Cc1cc(Br)ccc1NC(=O)CNC(=O)c1ccccc1NC(=O)c1cn(C)n2cccc12,"[7.228, 0.3679312229994369, 0.4071020833002258]",[-0.251      -0.14092745 -0.00873356],508.37600000000026
0:Cc1cc(Br)ccc1NC(=O)CNC(=O)c1ccccc1NC(=O)c1cn(C)n2cccc12,"[7.228, 0.3679312229994369, 0.4071020833002258]",[-0.251      -0.14092745 -0.00873356],0
Cn1cc(C(=O)NC2=CC(CCCOCC(N)=O)=C2C(=O)NCCc2ccccc2)c(=O)c2cccn21,"[7.222, 0.3191731082569602, 0.41044449426389396]",[-0.257      -0.18968556 -0.00539115],503.5590000000002
0:Cn1cc(C(=O)NC2=CC(CCCOCC(N)=O)=C2C(=O)NCCc2ccccc2)c(=O)c2cccn21,"[7.222, 0.3191731082569602, 0.41044449426389396]",[-0.257      -0.18968556 -0.00539115],0
0:CNC(=O)CNC(=O)c1ccccc1NC(=O)c1cn(C)n2cccc2c1=O,"[7.217, 0.5922943789078567, 0.4156456339638279]",[-2.62000000e-01  8.34357075e-02 -1.90011933e-04],0
CNC(=O)CNC(=O)c1ccccc1NC(=O)c1cn(C)n2cccc2c1=O,"[7.217, 0.5922943789078567, 0.4156456339638279]",[-2.62000000e-01  8.34357075e-02 -1.90011933e-04],381.3920000000001
CCNS(=O)(=O)Cc1cccc(NC(=O)c2cn(C)n3cccc3c2=O)c1C(=O)NCCc1ccccc1,"[7.212, 0.28688901429093366, 0.42939592743560173]",[-0.267      -0.22196966  0.01356028],535.6260000000003
0:CCNS(=O)(=O)Cc1cccc(NC(=O)c2cn(C)n3cccc3c2=O)c1C(=O)NCCc1ccccc1,"[7.212, 0.28688901429093366, 0.42939592743560173]",[-0.267      -0.22196966  0.01356028],0
Cn1cc(C(=O)Nc2ccccc2C(=O)N(O)N(CC(=O)O)Cc2ccccc2)c(=O)c2cccn21,"[7.206, 0.2549915133506807, 0.41118929062083853]",[-0.273      -0.25386716 -0.00464636],489.4880000000003
0:Cn1cc(C(=O)Nc2ccccc2C(=O)N(O)N(CC(=O)O)Cc2ccccc2)c(=O)c2cccn21,"[7.206, 0.2549915133506807, 0.41118929062083853]",[-0.273      -0.25386716 -0.00464636],0
0:Cn1cc(C(=O)Nc2c(C[CH]CO)cccc2C(=O)NCCc2ccccc2)c(=O)c2cccn21,"[7.184, 0.3490126696889441, 0.4446265695745558]",[-0.295      -0.159846    0.02879092],0
Cn1cc(C(=O)Nc2c(C[CH]CO)cccc2C(=O)NCCc2ccccc2)c(=O)c2cccn21,"[7.184, 0.3490126696889441, 0.4446265695745558]",[-0.295      -0.159846    0.02879092],471.5370000000002
CN[C@@H](Cc1ccccc1CCNC(=O)c1ccccc1NC(=O)c1cn(C)n2cccc2c1=O)CC(C)C,"[7.178, 0.27434048085656, 0.43500150164540297]",[-0.301      -0.23451819  0.01916586],527.6690000000002
0:CN[C@@H](Cc1ccccc1CCNC(=O)c1ccccc1NC(=O)c1cn(C)n2cccc2c1=O)CC(C)C,"[7.178, 0.27434048085656, 0.43500150164540297]",[-0.301      -0.23451819  0.01916586],0
0:[CH]NC(=O)Cn1cc(C(=O)Nc2ccccc2C(=O)NCCc2ccccc2)c(=O)c2cccn21,"[7.177, 0.34310864799901525, 0.42036643967275233]",[-0.302      -0.16575002  0.00453079],0
[CH]NC(=O)Cn1cc(C(=O)Nc2ccccc2C(=O)NCCc2ccccc2)c(=O)c2cccn21,"[7.177, 0.34310864799901525, 0.42036643967275233]",[-0.302      -0.16575002  0.00453079],469.50100000000026
0:C[CH][C@H](CCc1ccccc1)Cc1ccccc1CCNC(=O)c1ccccc1NC(=O)c1cn(C)n2cccc12,"[7.17, 0.1874864631679744, 0.4376323512135195]",[-0.309      -0.32137221  0.02179671],0
C[CH][C@H](CCc1ccccc1)Cc1ccccc1CCNC(=O)c1ccccc1NC(=O)c1cn(C)n2cccc12,"[7.17, 0.1874864631679744, 0.4376323512135195]",[-0.309      -0.32137221  0.02179671],545.7070000000002
Cn1cc(C(=O)Nc2ccccc2C(=O)NN2[CH]C2=O)c(=O)c2cccn21,"[7.161, 0.6593721619557216, 0.4074773559356911]",[-0.318       0.15051349 -0.00835829],364.3410000000001
0:Cn1cc(C(=O)Nc2ccccc2C(=O)NN2[CH]C2=O)c(=O)c2cccn21,"[7.161, 0.6593721619557216, 0.4074773559356911]",[-0.318       0.15051349 -0.00835829],0
CN(CCc1cccs1)C(=O)NC(=O)c1ccccc1NC(=O)c1cn(C)n2cccc12,"[7.134, 0.47135393305311785, 0.4090926082855477]",[-0.345      -0.03750474 -0.00674304],449.5360000000001
0:CN(CCc1cccs1)C(=O)NC(=O)c1ccccc1NC(=O)c1cn(C)n2cccc12,"[7.134, 0.47135393305311785, 0.4090926082855477]",[-0.345      -0.03750474 -0.00674304],0
Cc1nnnn1CCCCCC(=O)C1=CC(CCNC(=O)c2ccccc2NC(=O)c2cn(C)n3cccc3c2=O)=C1,"[7.125, 0.2359039555390093, 0.4874447852854409]",[-0.354      -0.27295472  0.07160914],568.6380000000001
0:Cc1nnnn1CCCCCC(=O)C1=CC(CCNC(=O)c2ccccc2NC(=O)c2cn(C)n3cccc3c2=O)=C1,"[7.125, 0.2359039555390093, 0.4874447852854409]",[-0.354      -0.27295472  0.07160914],0
0:Cn1cc(C(=O)Nc2ccccc2C(=O)NCCC2(NC3CC3)C=CC=C2)c(=O)c2cccn21,"[7.091, 0.4845511494423652, 0.41843790743779496]",[-0.388      -0.02430752  0.00260226],0
Cn1cc(C(=O)Nc2ccccc2C(=O)NCCC2(NC3CC3)C=CC=C2)c(=O)c2cccn21,"[7.091, 0.4845511494423652, 0.41843790743779496]",[-0.388      -0.02430752  0.00260226],457.53400000000016
Cn1cc(C(=O)N(SC=O)c2ccccc2C(=O)NCCc2ccccc2)c(=O)c2cccn21,"[7.084, 0.312972520986407, 0.45096039972651436]",[-0.395      -0.19588615  0.03512475],474.54200000000026
0:Cn1cc(C(=O)N(SC=O)c2ccccc2C(=O)NCCc2ccccc2)c(=O)c2cccn21,"[7.084, 0.312972520986407, 0.45096039972651436]",[-0.395      -0.19588615  0.03512475],0
Cn1cc(C(=O)N(Cc2cccc(Cl)c2O)C(=O)C(=O)NCCc2ccccc2)c(=O)c2cccn21,"[7.051, 0.39012237057937255, 0.4690586216219149]",[-0.428      -0.1187363   0.05322298],506.9460000000003
0:Cn1cc(C(=O)N(Cc2cccc(Cl)c2O)C(=O)C(=O)NCCc2ccccc2)c(=O)c2cccn21,"[7.051, 0.39012237057937255, 0.4690586216219149]",[-0.428      -0.1187363   0.05322298],0
0:C[C@@H]1CCC[C@@H]1CCNC(=O)c1ccccc1NC(=O)c1cn(C)n2cccc2c1=O,"[7.011, 0.6406188939187885, 0.4279284731362665]",[-0.468       0.13176022  0.01209283],0
C[C@@H]1CCC[C@@H]1CCNC(=O)c1ccccc1NC(=O)c1cn(C)n2cccc2c1=O,"[7.011, 0.6406188939187885, 0.4279284731362665]",[-0.468       0.13176022  0.01209283],420.5130000000002
Cn1cc(C(=O)Nc2ccccc2C(=O)NC(N)=O)c2cccn21,"[6.985, 0.6754113842952106, 0.3813773496936803]",[-0.494       0.16655271 -0.0344583 ],325.32800000000003
0:Cn1cc(C(=O)Nc2ccccc2C(=O)NC(N)=O)c2cccn21,"[6.985, 0.6754113842952106, 0.3813773496936803]",[-0.494       0.16655271 -0.0344583 ],0
C[CH]CNS(=O)(=O)N(C(=O)c1ccccc1NC(=O)c1cn(C)n2cccc2c1=O)c1ccccc1,"[6.967, 0.3804690831682076, 0.45934771398175234]",[-0.512      -0.12838959  0.04351207],506.56400000000025
0:C[CH]CNS(=O)(=O)N(C(=O)c1ccccc1NC(=O)c1cn(C)n2cccc2c1=O)c1ccccc1,"[6.967, 0.3804690831682076, 0.45934771398175234]",[-0.512      -0.12838959  0.04351207],0
0:Cn1cc(C(=O)N(COc2cccc(Br)c2OCCl)c2ccccc2C(=O)NCCc2ccccc2)c(=O)c2cccn21,"[6.967, 0.1461023496620042, 0.4319486170593927]",[-0.512      -0.36275632  0.01611297],0
Cn1cc(C(=O)N(COc2cccc(Br)c2OCCl)c2ccccc2C(=O)NCCc2ccccc2)c(=O)c2cccn21,"[6.967, 0.1461023496620042, 0.4319486170593927]",[-0.512      -0.36275632  0.01611297],663.9560000000002
0:CCN(CCOc1cccccc(NC(=O)c2cn(C)n3cccc3c2=O)ccc1)c1ccccc1,"[6.936, 0.38714252453046905, 0.43659787010692375]",[-0.543      -0.12171615  0.02076222],0
CCN(CCOc1cccccc(NC(=O)c2cn(C)n3cccc3c2=O)ccc1)c1ccccc1,"[6.936, 0.38714252453046905, 0.43659787010692375]",[-0.543      -0.12171615  0.02076222],482.5840000000002
Cn1cc(C(=O)Nc2ccccc2C(=O)NCCC2=CC(CC(C)(C)OC=O)=C2)c(=O)c2cccn21,"[6.91, 0.4259347910977558, 0.48550720714493023]",[-0.569      -0.08292388  0.06967156],488.54400000000027
0:Cn1cc(C(=O)Nc2ccccc2C(=O)NCCC2=CC(CC(C)(C)OC=O)=C2)c(=O)c2cccn21,"[6.91, 0.4259347910977558, 0.48550720714493023]",[-0.569      -0.08292388  0.06967156],0
Cn1cc(C(=O)Nc2ccccc2C(=O)NCC(=O)Cc2ccco2)c2cccn21,"[6.873, 0.4948158044427997, 0.4368809040306091]",[-0.606      -0.01404287  0.02104526],404.42600000000016
0:Cn1cc(C(=O)Nc2ccccc2C(=O)NCC(=O)Cc2ccco2)c2cccn21,"[6.873, 0.4948158044427997, 0.4368809040306091]",[-0.606      -0.01404287  0.02104526],0
0:CSC1(C(=O)Nc2ccccc2C(=O)NCCc2ccccc2)C(=O)c2cccn2N1C,"[6.867, 0.5432986700155975, 0.38569061827830153]",[-0.612       0.03444    -0.03014503],0
CSC1(C(=O)Nc2ccccc2C(=O)NCCc2ccccc2)C(=O)c2cccn2N1C,"[6.867, 0.5432986700155975, 0.38569061827830153]",[-0.612       0.03444    -0.03014503],448.5480000000001
0:Cn1cc(C(=O)Nc2ccccc2C(NCCc2ccccc2)C(=O)NNC=O)c(=O)c2cccn21,"[6.844, 0.19990322347847098, 0.473797604114642]",[-0.635      -0.30895545  0.05796196],0
Cn1cc(C(=O)Nc2ccccc2C(NCCc2ccccc2)C(=O)NNC=O)c(=O)c2cccn21,"[6.844, 0.19990322347847098, 0.473797604114642]",[-0.635      -0.30895545  0.05796196],486.53200000000015
Cn1cc(C(=O)Nc2ccccc2C(=O)NCCC2(C)C=C2)c(=O)c2cccn21,"[6.82, 0.6347059382390708, 0.42303252224374654]",[-0.659       0.12584727  0.00719688],390.4430000000001
0:Cn1cc(C(=O)Nc2ccccc2C(=O)NCCC2(C)C=C2)c(=O)c2cccn21,"[6.82, 0.6347059382390708, 0.42303252224374654]",[-0.659       0.12584727  0.00719688],0
0:Cn1cc(C(=O)Nc2ccccc2C(=O)NCCc2ccccc2NCCC#N)c2cccn21,"[6.797, 0.3345089781413153, 0.3863956780672837]",[-0.682      -0.17434969 -0.02943997],0
Cn1cc(C(=O)Nc2ccccc2C(=O)NCCc2ccccc2NCCC#N)c2cccn21,"[6.797, 0.3345089781413153, 0.3863956780672837]",[-0.682      -0.17434969 -0.02943997],454.53400000000016
0:Cn1cc(C(=O)Nc2ccccc2C(=O)NCCC2(CNCc3cccnc3)C=C2)c(=O)c2cccn21,"[6.763, 0.2926620757620582, 0.47273475189086744]",[-0.716      -0.2161966   0.05689911],0
Cn1cc(C(=O)Nc2ccccc2C(=O)NCCC2(CNCc3cccnc3)C=C2)c(=O)c2cccn21,"[6.763, 0.2926620757620582, 0.47273475189086744]",[-0.716      -0.2161966   0.05689911],496.5710000000002
0:Cn1cc(C(=O)N(C(=O)O)c2ccccc2C(=O)NCCc2ccccc2)c(=O)c2cccn21,"[6.692, 0.46131733960759663, 0.42046429142330444]",[-0.787      -0.04754133  0.00462865],0
Cn1cc(C(=O)N(C(=O)O)c2ccccc2C(=O)NCCc2ccccc2)c(=O)c2cccn21,"[6.692, 0.46131733960759663, 0.42046429142330444]",[-0.787      -0.04754133  0.00462865],458.4740000000002
Cn1cc(C(=O)Nc2ccccc2C(=O)NCCC2(C(C)(C)[NH3+])C=C2)c(=O)c2cccn21,"[6.691, 0.4909610924176415, 0.4321169975977903]",[-0.788      -0.01789758  0.01628135],434.52000000000015
0:Cn1cc(C(=O)Nc2ccccc2C(=O)NCCC2(C(C)(C)[NH3+])C=C2)c(=O)c2cccn21,"[6.691, 0.4909610924176415, 0.4321169975977903]",[-0.788      -0.01789758  0.01628135],0
CCN(CN(C(=O)NCCc1ccccc1)C(=O)c1cn(C)n2cccc2c1=O)C(=O)C1CC1,"[6.666, 0.5184937304171321, 0.4278071368030968]",[-0.813       0.00963506  0.01197149],463.53800000000024
0:CCN(CN(C(=O)NCCc1ccccc1)C(=O)c1cn(C)n2cccc2c1=O)C(=O)C1CC1,"[6.666, 0.5184937304171321, 0.4278071368030968]",[-0.813       0.00963506  0.01197149],0
Cn1cc(C(=O)Nc2ccccc(N3CC3)cccc2)c(=O)c2cccn21,"[6.656, 0.7309443315384132, 0.4041429161920246]",[-0.823       0.22208566 -0.01169273],360.4170000000001
0:Cn1cc(C(=O)Nc2ccccc(N3CC3)cccc2)c(=O)c2cccn21,"[6.656, 0.7309443315384132, 0.4041429161920246]",[-0.823       0.22208566 -0.01169273],0
COC(C)(C)C(c1ccccc1C(=O)NCCc1ccccc1)c1cn(C)n2cccc2c1=O,"[6.65, 0.4320035492829099, 0.4563259227616917]",[-0.829      -0.07685512  0.04049028],457.5740000000001
0:COC(C)(C)C(c1ccccc1C(=O)NCCc1ccccc1)c1cn(C)n2cccc2c1=O,"[6.65, 0.4320035492829099, 0.4563259227616917]",[-0.829      -0.07685512  0.04049028],0
0:CCCC(=O)Nc1ccccc(NC(=O)c2cn(C)n3cccc3c2=O)cccc1,"[6.634, 0.6791617707451956, 0.4356285405585072]",[-0.845       0.1703031   0.01979289],0
CCCC(=O)Nc1ccccc(NC(=O)c2cn(C)n3cccc3c2=O)cccc1,"[6.634, 0.6791617707451956, 0.4356285405585072]",[-0.845       0.1703031   0.01979289],404.47000000000014
0:Cn1cc(C(=O)Nc2ccccc2C(=O)n2ccnc2C[S])c(=O)c2cccn21,"[6.619, 0.5637515648916944, 0.49293591790652147]",[-0.86        0.05489289  0.07710027],0
Cn1cc(C(=O)Nc2ccccc2C(=O)n2ccnc2C[S])c(=O)c2cccn21,"[6.619, 0.5637515648916944, 0.49293591790652147]",[-0.86        0.05489289  0.07710027],406.4470000000002
Cn1cc(C(=O)Nc2ccccc2C(=O)NC(=O)NS(C)(=O)=O)c2cccn21,"[6.567, 0.5964408440638883, 0.4096327783685012]",[-0.912       0.08758217 -0.00620287],403.4200000000001
0:Cn1cc(C(=O)Nc2ccccc2C(=O)NC(=O)NS(C)(=O)=O)c2cccn21,"[6.567, 0.5964408440638883, 0.4096327783685012]",[-0.912       0.08758217 -0.00620287],0
Cn1cc(C(=O)N(N)C(F)(F)c2ccccc2C(=O)NCCc2ccccc2)c(=O)c2cccn21,"[6.514, 0.1841885176914455, 0.4194069418376205]",[-0.965      -0.32467015  0.0035713 ],479.48700000000025
0:Cn1cc(C(=O)N(N)C(F)(F)c2ccccc2C(=O)NCCc2ccccc2)c(=O)c2cccn21,"[6.514, 0.1841885176914455, 0.4194069418376205]",[-0.965      -0.32467015  0.0035713 ],0
0:CC(=O)N(C)CC(=O)NC(Cc1ccccc1)c1ccccc1NC(=O)c1cn(C)n2cccc2c1=O,"[6.51, 0.38898249223064735, 0.439687343928465]",[-0.969      -0.11987618  0.0238517 ],0
CC(=O)N(C)CC(=O)NC(Cc1ccccc1)c1ccccc1NC(=O)c1cn(C)n2cccc2c1=O,"[6.51, 0.38898249223064735, 0.439687343928465]",[-0.969      -0.11987618  0.0238517 ],499.57100000000025
0:Cn1cc(C(=O)Nc2ccccc2C(=O)NCC(=O)CCC[NH+])c(=O)c2cccn21,"[6.48, 0.5345310914562164, 0.44018341397936445]",[-0.999       0.02567242  0.02434777],0
Cn1cc(C(=O)Nc2ccccc2C(=O)NCC(=O)CCC[NH+])c(=O)c2cccn21,"[6.48, 0.5345310914562164, 0.44018341397936445]",[-0.999       0.02567242  0.02434777],408.4380000000002
CCN(C(=O)Nc1ccccc1)C(=O)c1ccccc1NC(=O)c1cn(C)n2cccc2c1=O,"[6.479, 0.47785768776302456, 0.41752600395693407]",[-1.         -0.03100098  0.00169036],457.4900000000002
0:CCN(C(=O)Nc1ccccc1)C(=O)c1ccccc1NC(=O)c1cn(C)n2cccc2c1=O,"[6.479, 0.47785768776302456, 0.41752600395693407]",[-1.         -0.03100098  0.00169036],0
0:Cn1cc(C(=O)Nc2ccccc2C(=O)NC2=CS2)c(=O)c2cccn21,"[6.465, 0.7411165398093097, 0.42118458997491015]",[-1.014       0.23225787  0.00534894],0
Cn1cc(C(=O)Nc2ccccc2C(=O)NC2=CS2)c(=O)c2cccn21,"[6.465, 0.7411165398093097, 0.42118458997491015]",[-1.014       0.23225787  0.00534894],366.4020000000001
Cn1cc(C(=O)Nc2ccccc2C(=O)NCCc2ccccc2)c(=O)c2c(CC[NH+]CC(C)(C)C)ccn21,"[6.421, 0.27664684025521497, 0.4546212946574175]",[-1.058      -0.23221183  0.03878565],527.6690000000003
0:Cn1cc(C(=O)Nc2ccccc2C(=O)NCCc2ccccc2)c(=O)c2c(CC[NH+]CC(C)(C)C)ccn21,"[6.421, 0.27664684025521497, 0.4546212946574175]",[-1.058      -0.23221183  0.03878565],0
0:C=C(N)C(=O)c1ccccc1NC(=O)c1cn(C)n2cccc2c1=O,"[6.284, 0.5576085984796074, 0.4336478398322685]",[-1.195       0.04874993  0.01781219],0
C=C(N)C(=O)c1ccccc1NC(=O)c1cn(C)n2cccc2c1=O,"[6.284, 0.5576085984796074, 0.4336478398322685]",[-1.195       0.04874993  0.01781219],336.35100000000006
0:[CH]OC(=O)CCNC(=O)c1ccccc1NC(=O)c1cn(C)n2cccc2c1=O,"[6.216, 0.611010481601082, 0.4190744374473947]",[-1.263       0.10215181  0.00323879],0
[CH]OC(=O)CCNC(=O)c1ccccc1NC(=O)c1cn(C)n2cccc2c1=O,"[6.216, 0.611010481601082, 0.4190744374473947]",[-1.263       0.10215181  0.00323879],394.38700000000017
Cn1cc(C(=O)Nc2ccccc(NCCS(C)(=O)=O)cccc2)c(=O)c2cccn21,"[6.03, 0.6132047792257035, 0.4117568978440914]",[-1.449       0.10434611 -0.00407875],440.52500000000015
0:Cn1cc(C(=O)Nc2ccccc(NCCS(C)(=O)=O)cccc2)c(=O)c2cccn21,"[6.03, 0.6132047792257035, 0.4117568978440914]",[-1.449       0.10434611 -0.00407875],0
0:Cn1cc(C(=O)Nc2ccccc2C(=O)NCC(O)SCc2ccccc2)c2cccn21,"[5.784, 0.3601191718670049, 0.42672398730492733]",[-1.695      -0.1487395   0.01088834],0
Cn1cc(C(=O)Nc2ccccc2C(=O)NCC(O)SCc2ccccc2)c2cccn21,"[5.784, 0.3601191718670049, 0.42672398730492733]",[-1.695      -0.1487395   0.01088834],448.5480000000001
